UserPrincipalName,NewUserPrincipalName
Heena@kmkassociatesllp.com,Heena@kmkventures.com
H.Paliwal@kmkassociatesllp.com,H.Paliwal@kmkventures.com
J.Pandya@kmkassociatesllp.com,J.Pandya@kmkventures.com
J.Shah@kmkassociatesllp.com,J.Shah@kmkventures.com
articles@kmkassociatesllp.com,articles@kmkventures.com
Lavina@kmkassociatesllp.com,Lavina@kmkventures.com
M.Singh@kmkassociatesllp.com,M.Singh@kmkventures.com
m.devani@kmkassociatesllp.com,m.devani@kmkventures.com
M.Nanda@kmkassociatesllp.com,M.Nanda@kmkventures.com
m.prajapati@kmkassociatesllp.com,m.prajapati@kmkventures.com
mohit@kmkassociatesllp.com,mohit@kmkventures.com
N.Vyas@kmkassociatesllp.com,N.Vyas@kmkventures.com
testuser@kmkassociatesllp.com,testuser@kmkventures.com
sachdev@kmkassociatesllp.com,sachdev@kmkventures.com
P.Jain@kmkassociatesllp.com,P.Jain@kmkventures.com
rohit@kmkassociatesllp.com,rohit@kmkventures.com
Sangram@kmkassociatesllp.com,Sangram@kmkventures.com
S.Shah@kmkassociatesllp.com,S.Shah@kmkventures.com
s.rao@kmkassociatesllp.com,s.rao@kmkventures.com
S.Somani@kmkassociatesllp.com,S.Somani@kmkventures.com
S.Shinde@kmkassociatesllp.com,S.Shinde@kmkventures.com
S.Kabra@kmkassociatesllp.com,S.Kabra@kmkventures.com
S.Sirwani@kmkassociatesllp.com,S.Sirwani@kmkventures.com
surbhi@kmkassociatesllp.com,surbhi@kmkventures.com
T.Chaplot@kmkassociatesllp.com,T.Chaplot@kmkventures.com
T.Goyal@kmkassociatesllp.com,T.Goyal@kmkventures.com
vishal.shah@kmkassociatesllp.com,vishal.shah@kmkventures.com
vishalg@kmkassociatesllp.com,vishalg@kmkventures.com
parangi@kmkassociatesllp.com,parangi@kmkventures.com
