Recipient,AliasEmail
Hitesh@kmkassociatesllp.com,hitesh@kmkventures.com
D.Dave@kmkassociatesllp.com,d.dave@kmkventures.com
diksha@kmkassociatesllp.com,diksha@kmkventures.com
priyal@kmkassociatesllp.com,priyal@kmkventures.com
S.Somani@kmkassociatesllp.com,s.somani@kmkventures.com
A.Kaur@kmkassociatesllp.com,a.kaur@kmkventures.com
R.Ved@kmkassociatesllp.com,r.ved@kmkventures.com
H.Kothari@kmkassociatesllp.com,h.kothari@kmkventures.com
P.Jain@kmkassociatesllp.com,p.jain@kmkventures.com
ankit@kmkassociatesllp.com,ankit@kmkventures.com
A.Jindal@kmkassociatesllp.com,a.jindal@kmkventures.com
C.Lakdawala@kmkassociatesllp.com,c.lakdawala@kmkventures.com
parangi@kmkassociatesllp.com,parangi@kmkventures.com
Binoy@kmkassociatesllp.com,binoy@kmkventures.com
K.Jhanwar@kmkassociatesllp.com,k.jhanwar@kmkventures.com
H.Jain@kmkassociatesllp.com,h.jain@kmkventures.com
Krunal@kmkassociatesllp.com,krunal.monani@kmkventures.com
m.devani@kmkassociatesllp.com,m.devani@kmkventures.com
H.Patel@kmkassociatesllp.com,h.patel@kmkventures.com
M.Takhtani@kmkassociatesllp.com,m.takhtani@kmkventures.com
dev@kmkassociatesllp.com,dev@kmkventures.com
S.Patel@kmkassociatesllp.com,s.patel@kmkventures.com
P.Maheshwari@kmkassociatesllp.com,p.maheshwari@kmkventures.com
R.Dave@kmkassociatesllp.com,r.dave@kmkventures.com
k.thaker@kmkassociatesllp.com,k.thaker@kmkventures.com
rahul.matta@kmkassociatesllp.com,rahul.matta@kmkventures.com
S.Trivedi@kmkassociatesllp.com,s.Trivedi@kmkventures.com
A.Sharma@kmkassociatesllp.com,a.sharma@kmkventures.com
Lavina@kmkassociatesllp.com,lavina@kmkventures.com
sachin@kmkassociatesllp.com,sachin@kmkventures.com
P.Pincha@kmkassociatesllp.com,p.pincha@kmkventures.com
vaibhav@kmkassociatesllp.com,vaibhav@kmkventures.com
T.Chaplot@kmkassociatesllp.com,t.chaplot@kmkventures.com
S.Sirwani@kmkassociatesllp.com,s.sirwani@kmkventures.com
M.Singh@kmkassociatesllp.com,m.singh@kmkventures.com
vishal.shah@kmkassociatesllp.com,vishal.shah@kmkventures.com
M.Nanda@kmkassociatesllp.com,m.nanda@kmkventures.com
Abhimanyu@kmkassociatesllp.com,abhimanyu@kmkventures.com
H.Fadia@kmkassociatesllp.com,h.fadia@kmkventures.com
H.Gupta@kmkassociatesllp.com,h.gupta@kmkventures.com
asit@kmkassociatesllp.onmicrosoft.com,asit@kmkventures.com
P.Parmar@kmkassociatesllp.com,p.parmar@kmkventures.com
dhruvin@kmkassociatesllp.com,dhruvin@kmkventures.com
S.Christian@kmkassociatesllp.com,s.christian@kmkventures.com
Shailu@kmkassociatesllp.com,shailu@kmkventures.com
N.Goyal@kmkassociatesllp.com,n.goyal@kmkventures.com
T.Goyal@kmkassociatesllp.com,t.goyal@kmkventures.com
Heena@kmkassociatesllp.com,heena@kmkventures.com
J.Shah@kmkassociatesllp.com,j.shah@kmkventures.com
rohit@kmkassociatesllp.com,rohit@kmkventures.com
Dipesh@kmkassociatesllp.com,dipesh@kmkventures.com
Wilson@kmkassociatesllp.com,wilson@kmkventures.com
Varsha@kmkassociatesllp.com,varsha@kmkventures.com
S.Shinde@kmkassociatesllp.com,s.shinde@kmkventures.com
vishalg@kmkassociatesllp.com,vishalg@kmkventures.com
a.mehta@kmkassociatesllp.com,a.mehta@kmkventures.com
sachdev@kmkassociatesllp.com,sachdev@kmkventures.com
S.Shah@kmkassociatesllp.com,s.shah@kmkventures.com
Chetna@kmkassociatesllp.com,chetna@kmkventures.com
M.Kohli@kmkassociatesllp.com,m.kohli@kmkventures.com
surbhi@kmkassociatesllp.com,surbhi@kmkventures.com
Dimple@kmkassociatesllp.com,dimple@kmkventures.com
P.Agarwal@kmkassociatesllp.com,p.agarwal@kmkventures.com
Sangram@kmkassociatesllp.com,sangram@kmkventures.com
S.Kabra@kmkassociatesllp.com,s.kabra@kmkventures.com
m.prajapati@kmkassociatesllp.com,m.prajapati@kmkventures.com
B.Maheshwari@kmkassociatesllp.com,b.maheshwari@kmkventures.com
H.Paliwal@kmkassociatesllp.com,h.paliwal@kmkventures.com
s.rao@kmkassociatesllp.com,s.rao@kmkventures.com
mohit@kmkassociatesllp.com,mohit@kmkventures.com
nirav@kmkassociatesllp.com,nirav@kmkventures.com
R.Mundra@kmkassociatesllp.com,r.mundra@kmkventures.com
a.agarwal@kmkassociatesllp.com,a.agarwal@kmkventures.com
N.Vyas@kmkassociatesllp.com,n.vyas@kmkventures.com
pinky@kmkassociatesllp.com,pinky@kmkventures.com
N.Nanwani@kmkassociatesllp.com,n.nainwani@kmkventures.com
